CampaignID,Industry,Campaign Type,Spend,Displays,Clicks,Orders,Sales,CampaignDuration,CTR,CR,AOV,CPC,CPO,ROI
272,Industry A,Type B,68685.33,85548,1120,110,14469.19,62,0.013092065273296863,0.09821428571428571,131.53809090909093,61.3261875,624.4120909090909,0.2106591028972271
98,Industry B,Type B,423139.0,357790,7089,700,130173.96,120,0.019813298303474104,0.09874453378473691,185.96280000000002,59.68951897305685,604.4842857142858,0.307638766457358
138,Industry A,Type B,33599.28,60803,548,146,17509.08,12,0.009012713188493988,0.2664233576642336,119.92520547945206,61.31255474452554,230.13205479452054,0.521114738172961
23,Industry B,Type B,280598.21,418176,7991,794,362821.02,91,0.019109178910315276,0.09936178200475534,456.95342569269525,35.114279814791644,353.3982493702771,1.2930268514542556
42,Industry B,Type A,291678.25,326292,32149,3211,2907798.19,72,0.0985283120640408,0.09987868985038414,905.574023668639,9.072700550561448,90.83720024914356,9.969197874712975
166,Industry A,Type B,48823.96,51013,1062,265,17720.32,107,0.020818222805951424,0.2495291902071563,66.8691320754717,45.97359698681733,184.24135849056603,0.36294311235712956
253,Industry A,Type A,26794.0,19202,2305,548,110563.33,81,0.1200395792104989,0.23774403470715835,201.75790145985403,11.624295010845987,48.894160583941606,4.12642121370456
43,Industry B,Type A,23745.28,42344,3645,377,479398.19,115,0.08608067258643491,0.10342935528120713,1271.6132360742706,6.5144801097393685,62.98482758620689,20.189199285078974
406,Industry A,Type B,66753.03,119129,2277,469,72941.24,58,0.019113733851539087,0.2059727711901625,155.52503198294244,29.316218708827403,142.33055437100214,1.0927030578237424
129,Industry A,Type A,23992.66,43578,4721,531,85458.58,38,0.10833448070127129,0.11247617030290193,160.93894538606403,5.082113958907011,45.183917137476456,3.5618635032547457
421,Industry A,Type B,1324.18,854,744,182,14001.26,117,0.8711943793911007,0.2446236559139785,76.93,1.7798118279569892,7.275714285714286,10.573532299234243
26,Industry B,Type A,38715.55,59504,5151,511,630281.69,117,0.08656560903468674,0.0992040380508639,1233.427964774951,7.5161230828965255,75.76428571428572,16.27980720924796
376,Industry A,Type B,25410.7,28617,283,78,11487.49,110,0.009889226683439913,0.2756183745583039,147.27551282051283,89.7904593639576,325.7782051282051,0.4520729456488802
430,Industry A,Type A,44066.26,74781,8001,1382,221122.48,27,0.10699241786015164,0.1727284089488814,160.0017945007236,5.507594050743657,31.885861070911723,5.017954326053538
468,Industry A,Type A,71668.36,75210,6553,989,99983.04,33,0.08712937109426938,0.15092324126354342,101.09508594539939,10.936725164047001,72.46548028311426,1.3950792232443996
176,Industry A,Type B,40990.77,24258,1248,283,14412.28,63,0.05144694533762058,0.2267628205128205,50.92678445229682,32.84516826923077,144.8437102473498,0.35159817685786343
279,Industry A,Type A,23257.62,24409,3286,977,50922.67,68,0.13462247531648164,0.2973219720024346,52.1214636642784,7.077790626902008,23.80513817809621,2.1895047730593244
358,Industry A,Type A,20101.85,18798,1323,228,23530.46,107,0.07037982764123843,0.17233560090702948,103.20377192982455,15.194142101284957,88.16600877192982,1.1705619134557268
147,Industry A,Type A,33264.47,44818,3764,1073,90294.83,74,0.08398411352581552,0.28506907545164717,84.15175209692451,8.837531880977684,31.001369990680338,2.714452687807742
357,Industry A,Type A,17761.69,17235,826,229,20324.26,116,0.047925732521032785,0.2772397094430993,88.7522270742358,21.50325665859564,77.56196506550218,1.144275122468639
285,Industry A,Type A,51532.32,59833,5196,1257,229103.66,104,0.08684170942456504,0.24191685912240185,182.26225934765316,9.91769053117783,40.996276849642,4.445824678570652
252,Industry A,Type B,51627.8,77126,1651,325,18715.48,54,0.0214065295749812,0.1968503937007874,57.586092307692304,31.270623864324655,158.85476923076925,0.3625077961873254
402,Industry A,Type A,81769.04,134509,13876,3869,605524.12,17,0.10316038332007524,0.27882675122513695,156.50662186611527,5.892839434995675,21.134411992762985,7.405298142181931
24,Industry B,Type B,13656.44,11001,1021,95,86369.03,96,0.09280974456867558,0.0930460333006856,909.1476842105263,13.375553379040158,143.752,6.324417637393053
180,Industry A,Type B,38198.89,59545,1236,254,19177.99,27,0.02075741036191116,0.20550161812297735,75.50389763779528,30.90525080906149,150.38933070866142,0.5020562115810172
39,Industry B,Type B,180760.22,177965,3148,308,250537.6,116,0.01768887140729919,0.09783989834815757,813.4337662337663,57.42065438373571,586.8838311688312,1.3860217696128052
488,Industry A,Type A,27074.54,28646,2172,214,24165.62,76,0.07582210430775675,0.09852670349907919,112.92345794392523,12.465257826887662,126.51654205607477,0.8925588394114913
439,Industry A,Type A,63078.31,55659,5324,1093,118099.58,120,0.0956538924522539,0.20529676934635613,108.05085086916743,11.8479169797145,57.71117108874657,1.8722692475432523
353,Industry A,Type A,70348.85,59526,6391,1872,143410.54,63,0.10736484897355777,0.2929119073697387,76.60819444444445,11.007487091222032,37.57951388888889,2.0385626772861247
342,Industry A,Type A,49092.07,34369,3371,911,111653.91,29,0.09808257441298845,0.27024621773954316,122.56192096597147,14.563058439632156,53.888111964873765,2.2743777151788467
139,Industry A,Type A,31023.1,18735,3313,530,95191.71,96,0.17683480117427275,0.15997585270147902,179.607,9.364050709326893,58.53415094339622,3.0684138593499686
13,Industry B,Type B,375492.7,225634,4852,481,360122.95,120,0.021503851369917653,0.09913437757625722,748.6963617463617,77.38926215993405,780.6501039501039,0.9590677794801337
429,Industry A,Type A,27811.21,44241,4511,887,169297.74,78,0.10196424131461766,0.1966304588782975,190.8655467869222,6.165198403901574,31.35423900789177,6.087392098366091
448,Industry A,Type A,51194.24,43606,4234,839,140763.73,21,0.0970967298078246,0.19815777042985355,167.77560190703218,12.0912234293812,61.01816448152562,2.7496009316673127
473,Industry A,Type B,64521.66,107529,2416,348,35661.55,36,0.022468357373359744,0.14403973509933773,102.4757183908046,26.70598509933775,185.40706896551725,0.5527066414596277
255,Industry A,Type B,54610.51,52049,373,52,7094.47,83,0.0071663240408077,0.13941018766756033,136.4321153846154,146.40887399463807,1050.2021153846154,0.12991034143427702
137,Industry A,Type B,4972.91,9622,555,134,14422.69,55,0.05768031594263147,0.24144144144144145,107.63201492537314,8.960198198198198,37.11126865671642,2.900251562968162
370,Industry A,Type A,5176.89,3052,453,101,11377.71,15,0.14842726081258192,0.2229580573951435,112.65059405940593,11.428013245033114,51.256336633663366,2.1977886337163817
228,Industry A,Type B,4025.9,6780,0,0,0.0,45,0.0,,,,,0.0
78,Industry B,Type B,343716.35,436876,8622,862,531224.64,29,0.01973557714317106,0.09997680352586406,616.2698839907192,39.865037114358614,398.7428654292343,1.545532064447909
338,Industry A,Type B,64296.38,115798,1916,353,35923.19,120,0.016546054335998893,0.18423799582463465,101.76541076487253,33.55760960334029,182.1427195467422,0.5587124811692354
308,Industry A,Type A,63470.46,61218,7008,927,121648.4,57,0.11447613447025384,0.13227739726027396,131.22804746494066,9.056857876712328,68.46867313915857,1.916614437645481
324,Industry A,Type A,32009.98,28998,2462,700,37647.06,81,0.08490240706255604,0.2843216896831844,53.78151428571428,13.00161657189277,45.728542857142855,1.1761038276187614
298,Industry A,Type B,41508.63,34466,664,154,9278.92,51,0.01926536296640167,0.2319277108433735,60.25272727272727,62.5129969879518,269.53655844155844,0.22354194778290684
125,Industry A,Type A,60501.76,49543,5359,789,75300.41,37,0.10816866156671982,0.14722896062698265,95.43778200253486,11.289748087329727,76.68157160963244,1.244598669526308
192,Industry A,Type A,10786.9,18443,1835,221,21958.4,39,0.09949574364257442,0.12043596730245232,99.35927601809955,5.87841961852861,48.80950226244344,2.0356543585274736
102,Industry B,Type A,22103.02,32172,3544,348,431399.67,41,0.11015790128061669,0.0981941309255079,1239.654224137931,6.236743792325057,63.514425287356325,19.51767993694979
381,Industry A,Type B,21172.25,31204,814,99,18398.75,6,0.02608639917959236,0.12162162162162163,185.84595959595958,26.010135135135137,213.86111111111111,0.8690030582484148
103,Industry B,Type B,263727.78,155089,2309,230,49181.17,104,0.014888225470536273,0.09961022087483759,213.83117391304347,114.21731485491556,1146.6425217391306,0.18648460166009054
81,Industry B,Type A,444362.27,662256,66151,6617,5367573.0,107,0.09988735473895291,0.10002872216595365,811.1792353030074,6.71739308551647,67.1546425872752,12.079272616912322
446,Industry A,Type B,70195.24,44168,763,73,4482.15,108,0.01727495019018294,0.09567496723460026,61.399315068493145,91.99900393184798,961.5786301369864,0.06385262020615642
295,Industry A,Type B,679.19,835,0,0,0.0,54,0.0,,,,,0.0
344,Industry A,Type A,500.0,572,22,7,1198.74,48,0.038461538461538464,0.3181818181818182,171.24857142857144,22.727272727272727,71.42857142857143,2.39748
164,Industry A,Type B,68836.64,91701,2362,369,41357.83,86,0.02575762532578707,0.15622353937341235,112.08084010840109,29.143370025402202,186.54915989159892,0.6008112830608816
393,Industry A,Type B,23245.33,37303,709,75,3322.51,101,0.019006514221376298,0.10578279266572638,44.300133333333335,32.786078984485194,309.93773333333337,0.14293236533961876
75,Industry B,Type B,379724.9,474597,9714,966,851802.84,88,0.02046789170601584,0.09944410129709698,881.7834782608695,39.090477661107684,393.0899585921325,2.2432103873093387
325,Industry A,Type B,9670.65,11992,0,0,0.0,70,0.0,,,,,0.0
20,Industry B,Type A,132585.72,186766,19032,1905,2607078.8,71,0.10190291594829894,0.10009457755359395,1368.5453018372702,6.966462799495586,69.5988031496063,19.66334534367653
360,Industry A,Type B,500.0,314,87,28,6251.0,117,0.2770700636942675,0.3218390804597701,223.25,5.747126436781609,17.857142857142858,12.502
53,Industry B,Type A,28139.83,23295,2318,228,272701.03,53,0.09950633183086499,0.09836065573770492,1196.0571491228072,12.13970232959448,123.42030701754386,9.690926704248035
111,Industry B,Type A,318509.23,219615,22469,2246,1408194.69,49,0.10231086219065182,0.09995994481285327,626.9789358860196,14.175496461791802,141.81176758682102,4.421205281868912
235,Industry A,Type A,41022.37,67473,6429,1739,160231.51,102,0.09528255746743142,0.27049307823922847,92.14002875215641,6.380832166744439,23.58963197239793,3.9059544828833634
265,Industry A,Type B,2822.51,4807,0,0,0.0,20,0.0,,,,,0.0
8,Industry B,Type B,395016.74,205227,4065,409,207858.65,120,0.019807335292139922,0.1006150061500615,508.21185819070905,97.1750897908979,965.8111002444988,0.5262021300666904
181,Industry A,Type B,69189.1,104900,1832,492,89280.69,68,0.017464251668255482,0.2685589519650655,181.46481707317074,37.766975982532756,140.62825203252035,1.290386636045273
76,Industry B,Type A,293601.74,304047,30735,3069,3710708.78,118,0.10108634520320871,0.09985358711566618,1209.093769957641,9.55268391085082,95.66690778755294,12.638578981173612
378,Industry A,Type B,54785.27,87404,1508,291,20477.21,22,0.017253214955837263,0.1929708222811671,70.36841924398625,36.329754641909815,188.2655326460481,0.373772183654475
262,Industry A,Type A,500.0,802,127,14,694.73,91,0.15835411471321695,0.11023622047244094,49.62357142857143,3.937007874015748,35.714285714285715,1.3894600000000001
130,Industry A,Type A,3389.82,4229,729,175,31409.9,15,0.17238117758335303,0.24005486968449932,179.48514285714288,4.649958847736626,19.3704,9.265949224442595
314,Industry A,Type A,24926.85,45873,4482,825,87030.12,109,0.09770453207769277,0.18406961178045517,105.49105454545455,5.561546184738956,30.214363636363636,3.491420696959303
21,Industry B,Type A,175409.17,153740,15647,1569,1632578.39,113,0.10177572525042279,0.100274813063207,1040.5215997450605,11.210402633092606,111.79679413639262,9.307257938681312
482,Industry A,Type A,65959.89,119791,11540,1858,205212.96,104,0.09633444916563014,0.1610051993067591,110.44831001076426,5.7157616984402075,35.50047900968784,3.111178020460616
411,Industry A,Type A,67641.62,121848,13239,2765,267776.47,99,0.108651762852078,0.2088526323740464,96.84501627486436,5.1092695822947345,24.46351537070524,3.958753057658879
471,Industry A,Type B,62866.71,95380,2457,304,16508.62,70,0.025760117425036696,0.12372812372812372,54.304671052631576,25.586776556776556,206.79838815789472,0.26259716788106136
322,Industry A,Type B,56446.58,35807,61,14,1977.02,43,0.0017035775127768314,0.22950819672131148,141.21571428571428,925.3537704918033,4031.8985714285714,0.03502461973781228
383,Industry A,Type A,62738.76,91758,9861,1407,242367.8,96,0.10746746877656445,0.14268329783997566,172.25856432125087,6.362312138728324,44.59044776119403,3.8631270366197863
479,Industry A,Type B,57899.19,108631,2982,337,18853.68,80,0.027450727692831696,0.1130114017437961,55.94563798219585,19.41622736418511,171.80768545994067,0.3256294259038857
49,Industry B,Type B,2887.84,4090,71,1,2.0,18,0.017359413202933986,0.014084507042253521,2.0,40.67380281690141,2887.84,0.0006925591445509446
185,Industry A,Type B,23130.03,20038,344,64,6370.32,30,0.017167381974248927,0.18604651162790697,99.53625,67.23845930232558,361.40671875,0.2754133911629168
361,Industry A,Type A,2735.83,5114,1007,179,20383.56,32,0.19691044192412985,0.17775571002979146,113.87463687150839,2.716812313803376,15.283966480446926,7.450594517934229
46,Industry B,Type A,240724.12,161029,16634,1658,1508734.35,100,0.10329816368480212,0.09967536371287725,909.9724668275031,14.471811951424792,145.18945717732208,6.267483083955193
29,Industry B,Type B,168653.85,302641,5576,552,542485.09,118,0.01842446991650173,0.09899569583931134,982.7628442028985,30.246386298421807,305.53233695652176,3.216559183202755
490,Industry A,Type A,2888.68,2719,0,0,0.0,112,0.0,,,,,0.0
249,Industry A,Type A,55807.59,41672,4416,637,73989.94,84,0.10597043578421962,0.1442481884057971,116.1537519623234,12.637588315217391,87.61003139717425,1.3258042499237113
297,Industry A,Type B,8255.95,13591,340,76,12568.67,88,0.02501655507321021,0.2235294117647059,165.37723684210528,24.282205882352944,108.63092105263159,1.5223771946293279
2,Industry B,Type B,178837.28,251954,4946,496,656816.53,62,0.01963056748454083,0.10028305701577032,1324.226875,36.15796198948645,360.5590322580645,3.6727047626758806
318,Industry A,Type B,63593.0,102193,1475,371,72854.53,88,0.014433473917000186,0.25152542372881354,196.37339622641508,43.113898305084746,171.40970350404314,1.1456375701728176
453,Industry A,Type B,68940.94,106743,2811,361,31549.55,72,0.026334279531210477,0.12842404838135896,87.39487534626039,24.52541444325863,190.9721329639889,0.45763156115945036
284,Industry A,Type B,7840.04,6236,0,0,0.0,66,0.0,,,,,0.0
187,Industry A,Type A,69154.48,109240,11316,3168,330927.79,81,0.10358842914683267,0.2799575821845175,104.45952967171716,6.111212442559208,21.829065656565657,4.785341311220908
220,Industry A,Type A,2510.88,4080,249,71,10978.99,60,0.06102941176470588,0.285140562248996,154.63366197183097,10.083855421686748,35.36450704225352,4.372566590199452
19,Industry B,Type A,124562.22,94049,10055,1006,556668.7,54,0.10691235419834341,0.10004972650422675,553.3486083499006,12.388087518647438,123.8193041749503,4.469001114463117
451,Industry A,Type B,500.0,841,352,67,11974.83,119,0.41854934601664684,0.1903409090909091,178.72880597014924,1.4204545454545454,7.462686567164179,23.94966
155,Industry A,Type B,6065.16,7637,0,0,0.0,27,0.0,,,,,0.0
71,Industry B,Type B,159139.93,132569,2905,292,376713.68,120,0.02191311694287503,0.10051635111876076,1290.1153424657534,54.78138726333907,544.9997602739726,2.367185155856233
36,Industry B,Type A,143829.13,240857,24063,2402,429693.52,120,0.09990575320625932,0.09982130241449529,178.88989175686928,5.977190292149774,59.878905079100754,2.9875277699308898
373,Industry A,Type B,32418.39,60689,971,162,17462.66,60,0.01599960454118539,0.16683831101956745,107.7941975308642,33.386601441812566,200.1135185185185,0.5386652452512293
287,Industry A,Type A,61516.65,58983,6768,1651,91360.2,120,0.11474492650424699,0.2439420803782506,55.33628104179285,9.089339539007092,37.26023622047244,1.4851296356352304
72,Industry B,Type A,418242.3,374584,38060,3802,530759.04,89,0.10160604830959144,0.09989490278507619,139.59995791688587,10.98902522333158,110.00586533403471,1.269022860671912
156,Industry A,Type B,62715.04,65855,694,171,9612.59,110,0.010538303849366031,0.24639769452449567,56.21397660818714,90.36749279538905,366.75461988304096,0.15327407907257973
178,Industry A,Type B,76978.09,106237,1892,330,38170.63,104,0.017809237836158776,0.1744186046511628,115.66857575757575,40.686094080338265,233.2669393939394,0.4958635632554666
330,Industry A,Type B,27049.58,51602,1612,322,20136.31,46,0.031239099259718614,0.19975186104218362,62.53512422360249,16.7801364764268,84.00490683229815,0.7444222793847446
184,Industry A,Type B,47406.73,94229,1888,276,26480.73,86,0.020036294558999884,0.1461864406779661,95.94467391304347,25.1094968220339,171.76351449275364,0.5585858801060524
92,Industry B,Type B,166067.57,183941,3300,335,220087.62,120,0.017940535280334454,0.10151515151515152,656.9779701492537,50.323506060606064,495.7240895522388,1.3252895794163784
462,Industry A,Type A,9971.32,8794,889,187,34152.67,106,0.10109165340004549,0.21034870641169853,182.63459893048127,11.216332958380201,53.322566844919784,3.4250901585747924
32,Industry B,Type A,93511.73,111440,11315,1130,398860.43,84,0.10153445800430726,0.09986743261157756,352.9738318584071,8.264403888643393,82.75374336283186,4.2653518440948535
250,Industry A,Type B,15576.84,24506,87,27,4617.29,34,0.003550150983432629,0.3103448275862069,171.01074074074074,179.0441379310345,576.92,0.2964201981916743
386,Industry A,Type B,15666.97,30956,806,154,8552.83,26,0.0260369556790283,0.19106699751861042,55.53785714285714,19.437928039702232,101.73357142857142,0.5459147493101729
427,Industry A,Type A,33782.62,62919,6449,1333,259720.04,79,0.10249686104356395,0.2066987129787564,194.83873968492122,5.2384276632035975,25.343300825206303,7.687978019466814
16,Industry B,Type A,367792.64,629508,63165,6307,6388544.2,120,0.10034026573133305,0.09984960025330483,1012.9291580783257,5.822728409720574,58.3149896939908,17.369962052530468
182,Industry A,Type A,49278.64,75395,8102,1424,92601.44,79,0.10746070694343127,0.17575907183411504,65.02910112359551,6.082280918291779,34.60578651685393,1.8791395217075797
359,Industry A,Type B,5995.57,4146,570,125,22661.01,20,0.13748191027496381,0.21929824561403508,181.28807999999998,10.518543859649123,47.96456,3.7796256235854138
291,Industry A,Type B,63838.03,114491,2997,467,47569.9,93,0.026176730048650114,0.1558224891558225,101.8627408993576,21.300643977310642,136.69813704496786,0.7451655384729134
354,Industry A,Type A,43621.23,71654,7554,1624,196814.76,12,0.10542328411533201,0.2149854381784485,121.19135467980296,5.774586973788722,26.86036330049261,4.511903034371108
340,Industry A,Type B,32254.31,37722,560,162,13055.56,68,0.014845448279518583,0.2892857142857143,80.58987654320987,57.596982142857144,199.1006790123457,0.40476947111874345
30,Industry B,Type A,258739.31,396680,39337,3933,4411191.33,45,0.09916557426641122,0.0999822050486819,1121.5843707093823,6.5775048936116125,65.78675565725909,17.048786788524712
484,Industry A,Type B,18861.67,37232,924,135,19212.69,27,0.02481736140954018,0.1461038961038961,142.31622222222222,20.413062770562767,139.71607407407407,1.018610229104846
68,Industry B,Type A,168087.59,269303,28091,2802,4127852.78,88,0.10431001511308823,0.09974725000889965,1473.180863668808,5.983681250222491,59.98843326195574,24.557748611899306
246,Industry A,Type B,1493.13,2152,899,160,10990.49,83,0.41775092936802977,0.17797552836484984,68.6905625,1.6608787541713015,9.332062500000001,7.360705363899995
122,Industry A,Type B,36927.92,35084,875,230,14065.58,111,0.024940143655227454,0.26285714285714284,61.15469565217391,42.203337142857144,160.55617391304347,0.3808928312236379
475,Industry A,Type B,40225.17,37951,1074,181,28943.0,38,0.028299649548101498,0.1685288640595903,159.9060773480663,37.45360335195531,222.2385082872928,0.719524616055072
124,Industry A,Type A,48195.55,56256,4176,1200,62435.58,120,0.07423208191126279,0.28735632183908044,52.029650000000004,11.541079980842913,40.162958333333336,1.2954635853310108
294,Industry A,Type A,22632.27,41273,3549,589,119216.2,120,0.08598841857873187,0.1659622428853198,202.4044142614601,6.377083685545224,38.42490662139219,5.267531714671131
132,Industry A,Type A,29435.15,42953,4838,829,142653.62,16,0.11263474029753451,0.17135179826374536,172.07915560916766,6.084156676312526,35.50681544028951,4.846369731426543
282,Industry A,Type B,76191.8,71704,1592,416,21278.82,54,0.022202387593439697,0.2613065326633166,51.151009615384616,47.85917085427136,183.1533653846154,0.2792796600159072
115,Industry B,Type B,353142.77,489279,9121,909,1164753.23,26,0.018641715667339083,0.09966012498629537,1281.3566886688668,38.71754961078829,388.49589658965897,3.298250251590879
153,Industry A,Type A,60490.85,114285,11876,1261,156844.88,38,0.10391564947280921,0.10618053216571235,124.38134813639968,5.093537386325362,47.970539254559874,2.5928695000979487
179,Industry A,Type B,39416.23,64027,1209,275,32863.9,65,0.018882658878285722,0.22746071133167908,119.50509090909091,32.60234077750207,143.33174545454546,0.8337656848460646
14,Industry B,Type A,485147.54,435575,43179,4316,4693378.23,111,0.09913103369109798,0.09995599712823364,1087.4370319740501,11.235728942309919,112.4067516218721,9.674125586620518
146,Industry A,Type B,62104.24,120166,2717,756,86057.76,45,0.022610388961935988,0.2782480677217519,113.83301587301587,22.857651821862348,82.1484656084656,1.3856986254078627
277,Industry A,Type A,4064.33,2142,0,0,0.0,94,0.0,,,,,0.0
331,Industry A,Type B,69945.29,57232,1307,285,53071.8,17,0.022836874475817726,0.2180566182096404,186.21684210526317,53.515906656465184,245.42207017543856,0.7587615978145206
17,Industry B,Type A,433210.61,344740,35184,3524,4143959.65,115,0.10205952311887219,0.10015916325602546,1175.9249858115777,12.312716291496134,122.93150113507377,9.565692885499734
5,Industry B,Type B,416706.0,364471,7715,769,688376.49,84,0.021167664917099028,0.09967595593000649,895.1579843953186,54.01244329228775,541.8803641092328,1.6519476321435256
257,Industry A,Type B,38423.01,26557,1492,150,24840.62,100,0.05618104454569417,0.10053619302949061,165.60413333333332,25.752687667560323,256.15340000000003,0.6465037486651878
94,Industry B,Type A,179734.0,246338,24173,2414,2554251.46,85,0.09812939944304168,0.09986348405245522,1058.0991963545982,7.435320398792041,74.45484672742336,14.211287013030367
25,Industry B,Type B,94832.72,143067,4025,403,166385.12,85,0.028133671636366177,0.10012422360248448,412.8663027295285,23.560924223602484,235.31692307692308,1.7545117339247467
413,Industry A,Type A,24879.97,37185,3838,727,97215.99,86,0.10321366142261665,0.18942157373632101,133.72213204951856,6.4825351745700885,34.22279229711142,3.907399807957968
341,Industry A,Type B,59534.08,61362,1188,285,17932.0,21,0.019360516280434146,0.2398989898989899,62.91929824561404,50.112861952861955,208.89150877192984,0.30120562877598844
491,Industry A,Type A,81100.19,87371,9327,1352,184742.06,63,0.1067516681736503,0.14495550552160394,136.64353550295857,8.69520639005039,59.985347633136094,2.27794854734619
302,Industry A,Type B,19210.94,35210,62,21,1553.39,119,0.001760863391082079,0.3387096774193548,73.97095238095238,309.8538709677419,914.8066666666666,0.0808596560085035
205,Industry A,Type B,76226.6,118985,2389,454,36805.67,33,0.020078161112745303,0.1900376726663876,81.06975770925109,31.907325240686482,167.9,0.48284548963222806
222,Industry A,Type A,47451.22,36665,3701,900,101689.23,20,0.10094095186144825,0.2431775195893002,112.98803333333333,12.821188867873548,52.72357777777778,2.1430266703364
328,Industry A,Type A,1741.13,3355,616,97,8406.22,21,0.18360655737704917,0.15746753246753248,86.6620618556701,2.8265097402597403,17.94979381443299,4.828025477707006
367,Industry A,Type B,47426.0,43542,960,143,11816.04,69,0.02204767810389968,0.14895833333333333,82.62965034965036,49.40208333333333,331.65034965034965,0.24914688145742844
242,Industry A,Type A,81118.49,130442,13171,2927,379952.82,86,0.10097207954493184,0.2222306582643687,129.80964127092585,6.158871004479539,27.71386744106594,4.683923726883969
351,Industry A,Type A,41987.91,42897,4118,487,33356.97,46,0.0959973890948085,0.11826129188926664,68.49480492813142,10.196189898008743,86.21747433264888,0.7944422573069247
35,Industry B,Type A,402192.81,642263,64958,6492,3581714.76,88,0.10113925292286804,0.09994150066196619,551.7120702402957,6.191582407093814,61.95206561922366,8.905466907774905
422,Industry A,Type B,9304.27,18055,1014,209,34818.06,84,0.056161728053170865,0.20611439842209073,166.5935885167464,9.175808678500987,44.51803827751196,3.742159245163779
394,Industry A,Type A,18915.82,21889,1217,301,17882.78,65,0.05559870254465713,0.24732949876746096,59.41122923588039,15.542990961380443,62.84325581395349,0.94538751161726
495,Industry A,Type A,15207.5,19996,2148,336,25741.41,70,0.10742148429685937,0.1564245810055866,76.61133928571428,7.079841713221602,45.260416666666664,1.6926786125267137
57,Industry B,Type A,462846.96,553712,55610,5556,473840.1,103,0.10043127113011818,0.09991008811364863,85.28439524838012,8.323088653119942,83.30578833693305,1.023751133636051
50,Industry B,Type B,57062.83,91989,2451,242,244238.41,113,0.026644490102077423,0.09873521011831905,1009.2496280991736,23.281448388412894,235.7968181818182,4.280166441096594
388,Industry A,Type A,82964.59,82848,8245,1551,266920.79,55,0.0995196021629973,0.18811400848999393,172.09593165699548,10.06241237113402,53.491031592520955,3.2172857118922664
397,Industry A,Type B,19078.89,17070,0,0,0.0,67,0.0,,,,,0.0
59,Industry B,Type B,194636.85,267434,5446,552,661937.71,100,0.020363902869493033,0.10135879544619905,1199.162518115942,35.73941424899009,352.6029891304348,3.40088585486253
106,Industry B,Type A,429529.89,384868,38694,3868,4544140.73,120,0.10053836640094786,0.09996381867989869,1174.8037047569806,11.100684602263918,111.04702430196484,10.579335305396325
12,Industry B,Type B,71352.25,52378,574,50,46448.32,107,0.010958799495971592,0.08710801393728224,928.9664,124.30705574912892,1427.045,0.6509720436286172
432,Industry A,Type A,46109.1,90284,8576,2211,440814.65,55,0.09498914536351956,0.2578125,199.37342831298056,5.376527518656716,20.854409769335142,9.560252748372882
58,Industry B,Type B,194093.37,355398,6258,621,895476.52,120,0.01760842773453987,0.09923298178331735,1441.9911755233495,31.01523969319271,312.54971014492753,4.613637858933564
447,Industry A,Type A,46256.66,86861,8021,1235,179438.31,66,0.09234293871818192,0.1539708265802269,145.2941781376518,5.76694427128787,37.454785425101214,3.8791886400790716
241,Industry A,Type A,41853.78,70280,7688,1139,186659.77,39,0.10939100739897553,0.14815296566077002,163.88039508340648,5.444040062434963,36.746075504828795,4.459806736691405
148,Industry A,Type B,41926.97,44266,1660,434,50779.91,9,0.03750056476754168,0.26144578313253014,117.004400921659,25.257210843373496,96.60592165898618,1.2111514378453774
119,Industry A,Type B,69660.26,50283,1690,351,34595.72,91,0.03360976870910646,0.2076923076923077,98.56330484330485,41.21908875739645,198.46227920227918,0.49663495370244104
435,Industry A,Type B,49427.74,94939,2206,606,89588.09,63,0.023235972571861933,0.2747053490480508,147.8351320132013,22.40604714415231,81.56392739273927,1.8125062970712398
296,Industry A,Type A,45228.16,41846,3421,395,74611.51,106,0.08175213879462792,0.11546331482022801,188.8898987341772,13.220742472961124,114.50167088607596,1.6496693652803915
281,Industry A,Type B,82338.39,94761,1619,196,21230.39,19,0.01708508774706894,0.12106238418777023,108.3183163265306,50.85756022235948,420.09382653061226,0.25784315190034685
409,Industry A,Type B,7859.85,13142,166,24,4006.34,39,0.012631258560340891,0.14457831325301204,166.93083333333334,47.348493975903615,327.49375000000003,0.5097221957162033
444,Industry A,Type B,12551.75,23320,0,0,0.0,100,0.0,,,,,0.0
377,Industry A,Type A,21282.07,37947,3968,1011,191604.82,116,0.1045668959338024,0.2547883064516129,189.52009891196835,5.363424899193548,21.05051434223541,9.003110129794706
100,Industry B,Type B,31409.9,34070,252,22,5799.98,94,0.0073965365424126794,0.0873015873015873,263.63545454545454,124.64246031746032,1427.7227272727273,0.18465451975332617
350,Industry A,Type B,33082.0,64528,1735,263,29754.24,76,0.026887552690304985,0.1515850144092219,113.13399239543728,19.06743515850144,125.787072243346,0.8994087419140319
108,Industry B,Type B,371621.71,472995,9780,978,636194.4,120,0.020676751339866174,0.1,650.5055214723926,37.99812985685072,379.98129856850716,1.7119408874147852
117,Industry A,Type A,34984.8,66113,6235,1201,214865.78,86,0.09430822984889507,0.1926222935044106,178.9057285595337,5.611034482758622,29.129725228975857,6.141689533740367
11,Industry B,Type A,221609.43,280977,27474,2748,1101246.99,120,0.09778024535816099,0.10002183882943874,400.7449017467249,8.066150906311421,80.64389737991266,4.969314663189198
280,Industry A,Type B,70701.19,86874,1572,331,51521.84,66,0.018095172318530285,0.21055979643765904,155.65510574018126,44.97531170483461,213.59876132930515,0.7287266310510473
417,Industry A,Type B,40230.82,54204,1119,125,5942.64,79,0.020644232897941112,0.11170688114387846,47.54112,35.952475424486146,321.84656,0.147713618564076
286,Industry A,Type A,13362.07,24044,3215,567,66452.81,34,0.1337131924804525,0.17636080870917573,117.20072310405644,4.1561648522550545,23.56626102292769,4.973242169813509
274,Industry A,Type B,500.0,687,80,28,4594.51,28,0.11644832605531295,0.35,164.08964285714288,6.25,17.857142857142858,9.189020000000001
261,Industry A,Type B,83847.62,56744,722,176,33018.5,108,0.012723812209220357,0.24376731301939059,187.60511363636363,116.13243767313018,476.4069318181818,0.3937917379169498
37,Industry B,Type B,406533.99,448247,8643,871,646832.87,114,0.019281779911521996,0.10077519379844961,742.632456946039,47.03621312044429,466.7439609644087,1.5910917313457602
391,Industry A,Type B,9439.17,5931,897,165,20914.65,39,0.15123925139099645,0.18394648829431437,126.75545454545455,10.52304347826087,57.20709090909091,2.215729772850791
317,Industry A,Type A,63028.82,94008,8710,1262,156300.98,62,0.0926516892179389,0.14489092996555683,123.85180665610143,7.236374282433984,49.94359746434231,2.479833511082708
27,Industry B,Type A,277437.15,316811,32121,3206,4613323.04,84,0.10138852501964894,0.09981009308552037,1438.965389893949,8.637251330905016,86.53685277604492,16.628353628920998
415,Industry A,Type B,43204.15,76977,908,139,14159.63,19,0.011795731192434104,0.15308370044052863,101.86784172661869,47.58166299559471,310.82122302158274,0.32773772889872843
348,Industry A,Type A,49772.1,44905,4305,451,73586.6,87,0.09586905689789556,0.10476190476190476,163.16319290465634,11.561463414634146,110.35942350332594,1.4784708702264926
290,Industry A,Type B,24415.75,45171,609,129,7432.29,117,0.013482101348210134,0.21182266009852216,57.6146511627907,40.091543513957305,189.26937984496124,0.3044055578878388
145,Industry A,Type B,9306.73,5113,433,65,10586.88,82,0.0846860942695091,0.15011547344110854,162.8750769230769,21.493602771362585,143.18046153846154,1.1375509980412024
196,Industry A,Type B,78503.59,150996,2518,330,29720.07,33,0.016675938435455243,0.13105639396346305,90.06081818181818,31.176961874503572,237.88966666666664,0.37858230432519074
461,Industry A,Type B,78637.29,48407,1130,268,26056.31,49,0.023343731278534095,0.23716814159292035,97.22503731343284,69.5905221238938,293.422723880597,0.33134801568060146
188,Industry A,Type A,18747.25,21331,2391,460,37939.51,118,0.11209038488584688,0.19238812212463405,82.47719565217392,7.840757005437055,40.75489130434783,2.0237373481443948
87,Industry B,Type B,255721.86,418017,7771,770,450978.65,120,0.01859015303205372,0.0990863466735298,585.6865584415584,32.90720113241539,332.1063116883117,1.7635514226276943
403,Industry A,Type A,15789.49,24501,2973,741,62669.48,53,0.12134198604138606,0.24924318869828457,84.57419703103913,5.310961991254625,21.30835357624831,3.9690629653016027
3,Industry B,Type B,228108.65,427368,8936,892,1262210.93,120,0.020909380206285917,0.09982094897045658,1415.0346748878924,25.526930393912263,255.7271860986547,5.5333760030581916
229,Industry A,Type B,50756.2,33510,0,0,0.0,105,0.0,,,,,0.0
339,Industry A,Type B,32079.83,25883,645,72,12259.25,120,0.024919831549665802,0.11162790697674418,170.26736111111111,49.73617054263566,445.55319444444444,0.38214822210716204
7,Industry B,Type B,330170.24,360628,8101,813,739312.13,65,0.02246359129074836,0.10035798049623504,909.3630135301353,40.75672633008271,406.11345633456335,2.239184640020857
245,Industry A,Type A,36760.89,57316,5379,1379,69610.95,50,0.09384814013538977,0.2563673545268637,50.47929659173314,6.83414947016174,26.657643219724438,1.893614382023939
195,Industry A,Type B,26960.1,17920,0,0,0.0,59,0.0,,,,,0.0
470,Industry A,Type A,34946.06,53786,6241,1143,213890.76,118,0.11603391217045328,0.18314372696683223,187.13102362204725,5.599432783207819,30.573980752405948,6.1205972862176745
363,Industry A,Type A,68942.42,130480,13459,2950,576391.99,20,0.10314990803188229,0.21918418901850062,195.38711525423727,5.122402853109444,23.37031186440678,8.36048386465111
51,Industry B,Type B,377723.1,239740,4556,456,415280.63,120,0.01900392091432385,0.10008779631255488,910.7031359649122,82.90673836698858,828.3401315789473,1.0994313824068478
347,Industry A,Type B,68961.88,128195,2779,760,52360.91,29,0.02167791255509185,0.2734796689456639,68.89593421052632,24.81535804246132,90.7393157894737,0.7592732390706286
266,Industry A,Type A,62072.94,39765,4543,601,50177.18,56,0.11424619640387275,0.13229143737618315,83.48948419301165,13.663425049526746,103.28276206322796,0.8083583603418817
96,Industry B,Type B,334556.81,628027,13167,1310,816364.12,57,0.02096565911975122,0.09949115212273107,623.178717557252,25.40873471557682,255.3868778625954,2.44013601157902
41,Industry B,Type B,317015.0,575646,11943,1192,885950.22,55,0.020747125837754454,0.09980741857154819,743.2468288590604,26.544000669848447,265.9521812080537,2.7946634070943013
407,Industry A,Type B,45168.56,80410,956,182,33334.34,69,0.011889068523815445,0.1903765690376569,183.15571428571425,47.247447698744764,248.1789010989011,0.737998731861277
319,Industry A,Type A,56445.16,29860,2839,373,55325.63,87,0.0950770261219022,0.13138429024304332,148.32608579088472,19.882057062345897,151.32750670241288,0.9801660585247698
306,Industry A,Type A,41426.5,39948,4450,592,71759.32,14,0.11139481325723441,0.13303370786516855,121.21506756756757,9.309325842696628,69.97719594594595,1.7322081276477619
283,Industry A,Type A,46171.04,65513,6023,1189,101053.44,94,0.09193595164318533,0.19740992860700649,84.99027754415475,7.665787813382035,38.83182506307822,2.188675845291767
144,Industry A,Type B,71189.23,92561,1762,263,14416.45,53,0.019036095115653462,0.1492622020431328,54.81539923954373,40.402514188422245,270.68148288973384,0.20250886264677959
89,Industry B,Type A,276668.26,324371,32649,3265,4514497.57,67,0.10065326431771028,0.10000306288094582,1382.6945084226647,8.474019418665197,84.73759877488514,16.31736712407849
436,Industry A,Type A,74962.54,148228,14889,1860,239071.63,84,0.10044660927759938,0.12492444086238162,128.53313440860217,5.034759889851568,40.30244086021505,3.1892146397387284
121,Industry A,Type A,37869.47,59722,5877,932,80076.36,41,0.09840594755701416,0.15858431172366855,85.91884120171675,6.443673643015144,40.63247854077253,2.1145360629551986
9,Industry B,Type A,151865.98,198499,19103,1910,2624135.24,120,0.09623726064111154,0.09998429566036748,1373.8927958115185,7.949849761817516,79.51098429319373,17.279282957249542
494,Industry A,Type A,21024.04,27966,2974,584,107531.95,9,0.10634341700636488,0.19636852723604573,184.130051369863,7.0692804303967725,36.000068493150685,5.114713917971997
390,Industry A,Type B,28768.45,21172,0,0,0.0,47,0.0,,,,,0.0
254,Industry A,Type A,75430.22,78070,8313,1750,266683.96,117,0.10648136287946715,0.21051365331408636,152.3908342857143,9.07376638999158,43.102982857142855,3.535505530807149
452,Industry A,Type A,21728.18,41856,4147,800,68619.36,71,0.09907779051987768,0.19291053773812394,85.77420000000001,5.239493609838438,27.160225,3.1580813487369856
408,Industry A,Type B,77857.11,148747,3436,609,117461.78,108,0.023099625538666325,0.17724097788125728,192.87648604269293,22.659228754365543,127.84418719211823,1.5086840495363878
211,Industry A,Type A,19612.34,13402,989,282,15910.26,51,0.0737949559767199,0.2851365015166835,56.41936170212766,19.83047522750253,69.54730496453901,0.8112372108580618
47,Industry B,Type A,137832.58,167991,16402,1642,2090540.93,120,0.0976361828907501,0.10010974271430313,1273.167436053593,8.403400804779904,83.9418879415347,15.167248048320651
97,Industry B,Type B,350137.43,690104,14039,1404,423587.51,58,0.02034331057347878,0.10000712301445971,301.7005056980057,24.940339767789727,249.3856339031339,1.2097750017757314
489,Industry A,Type A,47393.85,47393,5178,1178,102363.0,73,0.10925664127613782,0.22750096562379296,86.89558573853989,9.1529258400927,40.23247028862479,2.1598371940663186
33,Industry B,Type B,418852.35,267338,3971,404,245811.7,78,0.01485385541898271,0.10173759758247293,608.444801980198,105.47780156131957,1036.7632425742574,0.5868695734905153
154,Industry A,Type A,51602.5,46331,4474,578,75071.08,103,0.09656601411581878,0.12919088064371928,129.88076124567473,11.533862315601251,89.27768166089966,1.4547954071992637
65,Industry B,Type B,393527.58,733471,14407,1439,490367.51,49,0.01964222171019713,0.09988200180467828,340.76963863794305,27.315026029013676,273.47295343988884,1.2460816850498764
6,Industry B,Type B,398122.99,723416,14012,1403,584319.13,95,0.019369214946863215,0.10012846131886954,416.47835352815395,28.413002426491577,283.76549536707057,1.4676849734299444
474,Industry A,Type B,85654.22,65590,1187,228,36625.77,63,0.01809727092544595,0.19208087615838249,160.63934210526315,72.16025273799495,375.67640350877195,0.42760029803551997
304,Industry A,Type B,16018.15,31534,656,106,8927.4,34,0.020802942855330755,0.16158536585365854,84.22075471698113,24.417911585365854,151.11462264150944,0.5573302784653659
69,Industry B,Type A,18311.1,21003,2026,205,123258.78,85,0.09646241013188592,0.10118460019743336,601.2623414634146,9.038055281342546,89.32243902439023,6.731369497190229
149,Industry A,Type A,19690.51,37270,3802,729,107563.78,101,0.10201234236651462,0.19174118884797475,147.54976680384087,5.178987375065755,27.010301783264744,5.462721889885026
152,Industry A,Type B,20792.48,13978,0,0,0.0,31,0.0,,,,,0.0
157,Industry A,Type A,3125.23,5782,570,109,17866.3,90,0.09858180560359737,0.1912280701754386,163.9110091743119,5.482859649122807,28.67183486238532,5.716795243870051
443,Industry A,Type B,47980.85,87954,2346,679,49884.78,93,0.026673033631216318,0.2894288150042626,73.4680117820324,20.45219522591645,70.6639911634757,1.0396810394146832
173,Industry A,Type A,57538.07,110059,10852,1225,79208.42,16,0.09860165911011366,0.11288241798746775,64.65993469387755,5.302070586067084,46.96985306122449,1.3766262928179551
219,Industry A,Type B,65547.2,53665,704,185,15037.91,54,0.013118419826702693,0.2627840909090909,81.286,93.10681818181818,354.30918918918917,0.22942108892523252
481,Industry A,Type B,82281.24,146878,2914,656,113310.95,72,0.019839594765723934,0.22512010981468772,172.73010670731708,28.236527110501033,125.42871951219513,1.3771176759125165
215,Industry A,Type A,14179.94,16803,1579,219,40425.51,91,0.09397131464619413,0.13869537682077265,184.5913698630137,8.980329322355923,64.74858447488585,2.8508942915132223
194,Industry A,Type A,30527.56,33999,3447,811,56746.09,106,0.10138533486279008,0.23527705250942849,69.97051787916152,8.856269219611256,37.641874229346485,1.858847873855624
380,Industry A,Type B,25815.76,20021,460,54,10508.5,85,0.02297587533090255,0.11739130434782609,194.60185185185185,56.12121739130434,478.0696296296296,0.4070575493419524
110,Industry B,Type A,249081.36,470178,47516,4747,581368.18,96,0.10105959870517123,0.0999031905042512,122.47065093743419,5.242052361309875,52.47132083421108,2.3340493242850453
343,Industry A,Type A,60806.88,42447,2969,810,47526.16,82,0.06994605036869508,0.2728191310205456,58.674271604938276,20.48059279218592,75.07022222222221,0.7815918198730145
183,Industry A,Type B,55143.44,39022,916,98,5154.58,52,0.023473937778688943,0.10698689956331878,52.597755102040814,60.200262008733624,562.6881632653061,0.09347585134333294
66,Industry B,Type A,374227.13,375491,37768,3779,1024664.9,65,0.1005829700312391,0.10005825037068418,271.1471024080445,9.90857683753442,99.02808414924583,2.7380828856528923
441,Industry A,Type A,55941.03,93968,9295,1359,264971.07,91,0.09891665247743912,0.14620763851533083,194.9750331125828,6.018400215169446,41.16337748344371,4.736614073784484
207,Industry A,Type A,60574.52,46880,4973,1294,84403.03,70,0.10607935153583618,0.26020510758093707,65.22645285935084,12.180679670219183,46.81183925811437,1.3933751352879067
127,Industry A,Type B,75124.16,81732,1483,230,25171.15,94,0.018144667939118092,0.15509103169251517,109.43978260869567,50.65688469318948,326.6267826086957,0.335060651593309
362,Industry A,Type B,58385.72,83123,1734,204,14694.8,22,0.0208606522863708,0.11764705882352941,72.03333333333333,33.671118800461365,286.20450980392155,0.2516848297837211
270,Industry A,Type A,85551.44,116627,11574,1984,173486.06,76,0.09923945570065251,0.17141869707966131,87.44257056451613,7.3916917228270265,43.12068548387097,2.027856690664704
478,Industry A,Type B,29963.34,49609,1388,285,23161.98,65,0.027978794170412626,0.2053314121037464,81.27010526315789,21.587420749279538,105.13452631578947,0.7730106189763891
292,Industry A,Type A,36122.76,60130,5792,1607,283198.7,72,0.0963246299684018,0.27745165745856354,176.2281891723709,6.236664364640884,22.47838207840697,7.839896508461701
267,Industry A,Type B,38838.44,55401,2129,633,86800.36,119,0.03842890922546524,0.29732268670737433,137.1253712480253,18.24257397839361,61.35614533965245,2.234908508168711
433,Industry A,Type A,31582.66,61602,6993,1978,358022.81,41,0.11351904158955878,0.2828542828542829,181.00243174924165,4.516324896324896,15.966966632962588,11.336056240987935
233,Industry A,Type A,19781.9,21566,1792,498,59767.84,38,0.08309375869424093,0.2779017857142857,120.01574297188755,11.039006696428572,39.72269076305221,3.021339709532451
336,Industry A,Type A,11628.83,21825,2801,600,107927.65,103,0.12833906071019474,0.21420921099607282,179.87941666666666,4.151670831845769,19.381383333333332,9.28104117095185
423,Industry A,Type B,42305.91,30949,1285,195,14835.36,107,0.04151991986817022,0.1517509727626459,76.07876923076924,32.922887159533076,216.95338461538464,0.3506687363538569
337,Industry A,Type B,38854.02,33423,1063,199,14829.21,56,0.03180444604015199,0.187206020696143,74.51864321608039,36.55128880526811,195.24633165829144,0.3816647543806278
442,Industry A,Type B,5214.88,4995,1006,277,33028.39,36,0.2014014014014014,0.2753479125248509,119.23606498194945,5.183777335984096,18.826281588447653,6.33348993648943
449,Industry A,Type A,15830.0,12341,1142,261,38287.41,105,0.09253707155011749,0.22854640980735552,146.6950574712644,13.861646234676007,60.651340996168585,2.4186614024005055
63,Industry B,Type B,51327.89,92303,1857,184,239374.53,86,0.020118522691570155,0.0990845449649973,1300.9485326086956,27.640220786214325,278.9559239130435,4.663634721785758
365,Industry A,Type A,6498.84,6573,1073,297,55048.1,61,0.16324357218925908,0.2767940354147251,185.34713804713803,6.056700838769804,21.88161616161616,8.47045011109675
214,Industry A,Type B,33197.72,24995,0,0,0.0,35,0.0,,,,,0.0
276,Industry A,Type A,26923.03,34963,3992,670,128024.97,78,0.11417784515058776,0.16783567134268537,191.0820447761194,6.744245991983967,40.18362686567164,4.755221459100258
239,Industry A,Type A,35779.63,68156,7223,943,74341.33,120,0.10597746346616585,0.1305551709815866,78.83492046659597,4.953569154091097,37.942343584305405,2.0777556950700724
434,Industry A,Type A,46559.41,84531,8954,1611,256848.53,98,0.10592563674864842,0.1799195890104981,159.4342209807573,5.19984476211749,28.900937306021106,5.5165761335893215
158,Industry A,Type B,47787.51,49576,1182,355,59909.74,101,0.02384218170082298,0.3003384094754653,168.7598309859155,40.42936548223351,134.61270422535213,1.253669421152096
352,Industry A,Type B,53310.37,32222,1678,271,37472.03,22,0.05207622121531873,0.16150178784266986,138.2731734317343,31.77018474374255,196.71723247232472,0.7029032062617461
305,Industry A,Type A,17257.2,17456,2028,222,22536.84,91,0.11617781851512374,0.10946745562130178,101.5172972972973,8.509467455621301,77.73513513513514,1.3059383909324802
405,Industry A,Type A,2940.27,2054,0,0,0.0,71,0.0,,,,,0.0
159,Industry A,Type B,35415.4,69397,1363,141,14651.82,38,0.01964061847053907,0.10344827586206896,103.9136170212766,25.983418928833455,251.17304964539008,0.413713243391293
101,Industry B,Type A,203649.7,202350,19722,1975,1667381.98,104,0.09746478873239436,0.10014197343068654,844.2440405063292,10.32601663117331,103.11377215189874,8.187500300761553
332,Industry A,Type A,25039.41,44142,4403,1249,99761.11,30,0.09974627339042182,0.28367022484669546,79.87278622898319,5.686897569838746,20.047566052842274,3.984163764242049
44,Industry B,Type A,412166.52,714071,71660,7171,8159409.09,33,0.10035416646243861,0.10006977393245883,1137.8342058290336,5.75169578565448,57.476853995258686,19.796389794105547
165,Industry A,Type B,77184.65,104915,1922,384,38595.5,70,0.018319592050707715,0.19979188345473464,100.50911458333333,40.15850676378772,201.0016927083333,0.5000411351220742
416,Industry A,Type B,78535.28,117417,2043,407,33977.26,8,0.01739952477068908,0.19921683798335782,83.48221130221131,38.44115516397455,192.96137592137592,0.4326368989834887
31,Industry B,Type A,401891.71,644844,64004,6400,1008778.8,114,0.0992550136156962,0.09999375039060059,157.6216875,6.279165520904944,62.7955796875,2.5100761595704473
469,Industry A,Type A,77708.56,115279,11330,2953,478322.5,30,0.09828329530964008,0.26063548102383055,161.97849644429394,6.858654898499559,26.315123603115474,6.155338613918467
454,Industry A,Type B,25320.0,30964,1509,166,17783.19,30,0.048734013693321275,0.11000662690523526,107.12765060240963,16.779324055666002,152.53012048192772,0.7023376777251185
424,Industry A,Type A,1278.08,2374,1304,247,46142.44,12,0.5492839090143218,0.18941717791411042,186.8114979757085,0.980122699386503,5.174412955465587,36.10293565348022
142,Industry A,Type A,4420.67,4347,255,30,3275.21,38,0.05866114561766736,0.11764705882352941,109.17366666666666,17.335960784313727,147.35566666666668,0.7408854313938837
171,Industry A,Type B,45616.41,64316,1734,286,45844.04,79,0.026960631880092047,0.16493656286043828,160.29384615384615,26.307041522491353,159.49793706293707,1.004990090189035
167,Industry A,Type A,29249.46,33255,2348,455,67293.35,94,0.07060592392121486,0.19378194207836458,147.89747252747253,12.457180579216354,64.28452747252747,2.3006698243318
93,Industry B,Type A,115681.78,161756,16019,1598,366335.79,46,0.09903187517000915,0.0997565391098071,229.24642678347934,7.221535676384294,72.39160200250313,3.166754436178281
225,Industry A,Type A,42691.31,61347,5872,1013,56165.12,115,0.0957178020115083,0.17251362397820164,55.44434353405726,7.270318460490463,42.14344521224086,1.3156101323665168
80,Industry B,Type B,282136.44,277887,5546,554,592417.02,119,0.01995775261167309,0.0998918139199423,1069.3448014440432,50.87205914172377,509.2715523465704,2.099753651105827
472,Industry A,Type A,66373.13,123776,12940,3378,556834.26,62,0.10454369183040331,0.26105100463678516,164.8414031971581,5.129299072642968,19.64864712847839,8.389453081390014
217,Industry A,Type A,11381.1,6259,972,277,49284.0,7,0.15529637322255951,0.28497942386831276,177.92057761732852,11.708950617283952,41.087003610108304,4.330337137886496
198,Industry A,Type A,59287.25,86409,8175,880,164835.33,60,0.09460820053466652,0.10764525993883792,187.312875,7.252262996941896,67.371875,2.780282944477944
54,Industry B,Type A,157370.44,278113,27461,2743,1852884.89,24,0.09874044003696339,0.09988711263246058,675.4957674079475,5.73068861294199,57.3716514764856,11.774033865572212
22,Industry B,Type A,486875.77,897895,90146,9016,4019829.85,120,0.10039703974295436,0.10001553036185744,445.855129769299,5.40096920551106,54.0013054569654,8.25637687823323
345,Industry A,Type B,650.59,891,0,0,0.0,9,0.0,,,,,0.0
384,Industry A,Type A,16159.43,31350,2852,538,48654.35,60,0.09097288676236044,0.18863955119214587,90.43559479553903,5.665999298737728,30.036115241635688,3.010895186278229
400,Industry A,Type B,49076.59,64649,1619,286,24245.42,84,0.025042924097820538,0.1766522544780729,84.7741958041958,30.312903026559603,171.59646853146853,0.49403228708433083
483,Industry A,Type A,60493.74,35609,3289,469,24148.85,103,0.09236428992670392,0.14259653390088173,51.490085287846476,18.39274551535421,128.98452025586354,0.3991958506781032
18,Industry B,Type B,151544.35,299950,5248,529,772235.45,103,0.017496249374895818,0.10080030487804878,1459.8023629489603,28.876591082317074,286.4732514177694,5.095771963784858
418,Industry A,Type A,557.25,504,855,224,37285.27,9,1.6964285714285714,0.26198830409356727,166.4520982142857,0.6517543859649123,2.4877232142857144,66.90941229250785
428,Industry A,Type A,916.81,883,646,100,14094.08,118,0.7315968289920725,0.15479876160990713,140.9408,1.4192105263157895,9.168099999999999,15.372956228662428
382,Industry A,Type A,64499.14,77249,7700,2142,175112.07,86,0.09967766573030072,0.2781818181818182,81.75166666666667,8.376511688311687,30.111643323996265,2.714952013313666
86,Industry B,Type B,306740.53,184796,3630,380,478934.41,93,0.019643282322128183,0.1046831955922865,1260.3537105263158,84.50152341597797,807.2119210526316,1.561366572588239
371,Industry A,Type B,7099.09,13600,0,0,0.0,118,0.0,,,,,0.0
499,Industry A,Type A,61776.72,114991,11563,3440,200769.83,48,0.10055569566313885,0.2975006486206002,58.3633226744186,5.342620427224769,17.958348837209304,3.249926995152866
293,Industry A,Type A,9775.64,10025,1823,454,52621.74,50,0.18184538653366583,0.24904004388370818,115.90691629955947,5.362391662095447,21.53224669603524,5.382945771325458
346,Industry A,Type A,75592.4,56670,6564,692,45060.76,114,0.1158284806776072,0.10542352224253504,65.11670520231215,11.51620962827544,109.23757225433525,0.5961017245119881
275,Industry A,Type A,74340.97,108153,10333,1912,306285.83,89,0.09554057677549398,0.18503822703958192,160.19133368200838,7.1945195006290525,38.88126046025105,4.120013903504353
316,Industry A,Type A,2577.69,1329,0,0,0.0,35,0.0,,,,,0.0
372,Industry A,Type B,50689.97,93850,1657,445,27334.05,29,0.01765583377730421,0.2685576342788171,61.424831460674156,30.591412190706095,113.91004494382022,0.5392398141091818
387,Industry A,Type A,10234.66,10543,667,195,23367.87,106,0.06326472541022479,0.29235382308845576,119.83523076923076,15.34431784107946,52.4854358974359,2.2832092126167356
497,Industry A,Type B,44412.02,82401,1738,183,35053.24,54,0.021091977039113603,0.10529344073647871,191.54775956284152,25.553521288837743,242.6886338797814,0.7892737146385146
38,Industry B,Type B,128267.81,116230,2502,247,203517.27,19,0.021526284091886776,0.09872102318145484,823.9565587044534,51.26611111111111,519.3028744939271,1.5866589598746559
440,Industry A,Type A,36351.92,19940,2671,287,42858.54,77,0.1339518555667001,0.10745039311119431,149.33289198606272,13.609853987270684,126.66174216027873,1.1789897204879414
310,Industry A,Type A,13450.07,9107,890,168,14200.63,8,0.09772702316899089,0.18876404494382024,84.52755952380951,15.11243820224719,80.05994047619048,1.0558034270453611
368,Industry A,Type A,23590.97,19505,1797,342,26781.62,117,0.09213022301973853,0.19031719532554256,78.30883040935672,13.127974401780746,68.97944444444445,1.1352487837507317
456,Industry A,Type B,42512.08,27709,0,0,0.0,28,0.0,,,,,0.0
467,Industry A,Type B,43813.33,47757,448,43,1633.18,37,0.009380823753585862,0.09598214285714286,37.980930232558144,97.79761160714285,1018.9146511627907,0.03727587015184648
480,Industry A,Type A,59998.18,30510,3388,601,28963.94,55,0.11104555883316945,0.17739079102715466,48.192911813643924,17.709025974025973,99.83058236272879,0.48274697665829197
55,Industry B,Type B,313632.73,493099,11036,1099,1645783.02,103,0.022380901198339482,0.09958318231243204,1497.527770700637,28.41905853570134,285.3801000909918,5.247484916513656
251,Industry A,Type A,33558.18,53697,5596,846,127733.32,109,0.10421438814086448,0.1511794138670479,150.98501182033098,5.996815582558971,39.666879432624114,3.806324419262308
116,Industry A,Type A,69316.14,64246,6431,725,76885.77,102,0.10009961709678424,0.11273518892862697,106.04933793103449,10.778438812004353,95.60846896551725,1.1092044363693652
410,Industry A,Type A,44338.31,55789,5959,1543,306652.8,51,0.10681317105522595,0.25893606309783523,198.73804277381723,7.440562174861554,28.735132858068695,6.916204068220011
48,Industry B,Type A,470230.65,879330,88128,8817,9564213.04,79,0.10022175974889973,0.10004765795206971,1084.7468572076668,5.335768995098039,53.33227288193263,20.339407990525498
334,Industry A,Type B,80197.85,118001,2418,480,66264.25,114,0.020491351768205355,0.19851116625310175,138.05052083333334,33.16701819685691,167.07885416666667,0.8262596815251281
458,Industry A,Type B,55030.89,95202,1449,165,25260.34,91,0.015220268481754584,0.11387163561076605,153.0929696969697,37.978530020703936,333.52054545454547,0.45902110614602093
88,Industry B,Type A,14867.7,23813,2669,262,77898.65,10,0.11208163608113215,0.09816410640689396,297.3230916030534,5.570513300861746,56.7469465648855,5.239455329338095
104,Industry B,Type B,465422.15,741489,15114,1513,1690778.61,87,0.02038330979960593,0.10010586211459574,1117.5007336417714,30.794108111684533,307.61543291473896,3.632785010339538
56,Industry B,Type A,278307.16,277127,28278,2832,564187.05,120,0.10203985898162214,0.10014852535539996,199.21859110169493,9.841826154607821,98.272302259887,2.0272099718886145
172,Industry A,Type A,27329.3,18490,1709,468,62298.15,35,0.09242833964305029,0.2738443534230544,133.11570512820512,15.99139847864248,58.39594017094017,2.2795369804568724
70,Industry B,Type B,378150.75,405821,7639,766,948862.64,81,0.018823569997609785,0.10027490509228956,1238.7240731070497,49.50265087053279,493.6693864229765,2.509217924333087
264,Industry A,Type A,63316.97,102393,10429,1551,302353.31,108,0.10185266570957,0.14871991561990602,194.94088330109608,6.071240770927222,40.82332043842682,4.775233401092946
459,Industry A,Type A,40700.31,59106,5985,1398,256187.5,82,0.10125875545629885,0.23358395989974937,183.25286123032905,6.80038596491228,29.113240343347638,6.294485226279604
248,Industry A,Type A,49587.64,65775,6474,1519,115194.69,108,0.09842645381984036,0.2346308310163732,75.83587228439764,7.659505715168366,32.64492429229757,2.3230524783998594
404,Industry A,Type A,11112.77,15215,1652,332,58159.28,7,0.1085770621097601,0.2009685230024213,175.17855421686747,6.726858353510896,33.472198795180724,5.233553830413119
438,Industry A,Type B,36136.0,69076,1119,145,29537.09,42,0.016199548323585614,0.12957998212689903,203.70406896551725,32.29311885612154,249.21379310344827,0.8173868164711091
77,Industry B,Type A,319202.27,453161,44575,4458,5597711.97,86,0.09836459889531535,0.10001121704991588,1255.6554441453566,7.161015591699384,71.60212427097353,17.536566923537226
401,Industry A,Type B,2131.72,2943,0,0,0.0,27,0.0,,,,,0.0
221,Industry A,Type A,24486.58,12256,2105,438,35213.4,11,0.17175261096605743,0.20807600950118765,80.39589041095891,11.632579572446557,55.905433789954344,1.438069342472489
366,Industry A,Type A,68723.09,42802,3931,617,121704.4,14,0.09184150273351713,0.15695751717120326,197.2518638573744,17.48234291528873,111.382641815235,1.7709389959037056
84,Industry B,Type B,176928.39,211280,4469,442,450687.22,45,0.021152025747822795,0.09890355784291788,1019.6543438914026,39.590152159319764,400.2904751131222,2.5472860517184377
143,Industry A,Type B,65879.62,49677,1439,322,39555.72,88,0.028967127644584013,0.2237665045170257,122.84385093167703,45.781528839471854,204.59509316770186,0.6004242283121852
385,Industry A,Type A,31635.85,36822,3822,784,55083.0,72,0.10379664331106404,0.20512820512820512,70.25892857142857,8.277302459445316,40.35184948979592,1.7411575791388567
303,Industry A,Type B,500.0,665,0,0,0.0,99,0.0,,,,,0.0
313,Industry A,Type A,52503.45,53949,5778,986,141449.8,64,0.10710115108713786,0.1706472827968155,143.45821501014197,9.086786085150571,53.248935091277886,2.6941048635851548
244,Industry A,Type B,52733.93,70519,1501,172,28929.79,95,0.021285043747075256,0.1145902731512325,168.1964534883721,35.13253164556962,306.5926162790698,0.548599165660515
457,Industry A,Type A,21589.02,11851,1204,222,43381.49,54,0.10159480212640283,0.18438538205980065,195.4121171171171,17.93107973421927,97.24783783783784,2.0094237718988635
189,Industry A,Type A,5858.24,9391,1098,298,23543.19,69,0.11692045575551059,0.27140255009107467,79.00399328859059,5.335373406193078,19.658523489932886,4.018816231496149
218,Industry A,Type B,66785.34,49092,394,58,8258.78,17,0.008025747575979793,0.14720812182741116,142.39275862068968,169.5059390862944,1151.4713793103447,0.12366157003917329
135,Industry A,Type A,44303.04,66290,6081,1667,89426.89,39,0.09173329310604918,0.2741325439894754,53.645404919016194,7.285485939812531,26.576508698260348,2.0185271710474044
420,Industry A,Type A,4407.34,7102,773,177,23520.57,102,0.10884257955505491,0.22897800776196636,132.88457627118643,5.7016041397153945,24.900225988700566,5.33668153580164
379,Industry A,Type A,60881.15,102050,11064,1660,109335.6,76,0.10841744243018128,0.15003615328994938,65.86481927710844,5.502634671005062,36.67539156626506,1.7958859187121137
193,Industry A,Type B,52773.29,56419,1593,296,36672.07,17,0.028235169003349936,0.18581293157564344,123.89212837837837,33.12824231010672,178.28814189189188,0.6948983093530837
300,Industry A,Type A,75281.9,76223,7640,1876,177972.06,98,0.10023221337391601,0.24554973821989529,94.86783582089552,9.853651832460733,40.12894456289978,2.364075029987288
273,Industry A,Type A,6394.28,5700,655,150,20476.47,85,0.11491228070175438,0.22900763358778625,136.5098,9.762259541984733,42.62853333333333,3.20231050251162
260,Industry A,Type A,4652.84,5053,355,36,4636.64,107,0.0702552938848209,0.10140845070422536,128.79555555555555,13.106591549295775,129.24555555555557,0.9965182555170606
487,Industry A,Type B,8082.28,16014,411,95,3989.86,76,0.025665043087298615,0.23114355231143552,41.998526315789476,19.664914841849146,85.07663157894737,0.49365525569517515
4,Industry B,Type A,26950.74,33874,3060,307,81135.88,53,0.09033477003011159,0.10032679738562092,264.28625407166123,8.80743137254902,87.78742671009772,3.0105251284380317
212,Industry A,Type B,8878.23,16518,503,116,18384.74,81,0.030451628526455988,0.23061630218687873,158.4891379310345,17.65055666003976,76.53646551724138,2.070766357708688
243,Industry A,Type A,57081.79,75238,8147,1252,242111.19,69,0.10828304845955501,0.1536761998281576,193.3795447284345,7.006479685773905,45.59248402555911,4.2414785871291
268,Industry A,Type A,75878.96,41681,4826,1423,83550.17,20,0.11578417024543557,0.29486116866970574,58.71410400562193,15.722950683796105,53.32323260716796,1.1010979855285312
109,Industry B,Type A,199135.43,237420,24055,2412,3400039.63,96,0.10131833880886193,0.10027021409270422,1409.635004145937,8.278338391186864,82.5602943615257,17.07400651908101
79,Industry B,Type A,116086.73,201287,19881,1983,865449.86,79,0.0987694187900858,0.09974347366832655,436.43462430660617,5.839079020170011,58.54096318709026,7.455200607339013
208,Industry A,Type B,28238.11,15161,286,53,6291.52,38,0.01886419101642372,0.1853146853146853,118.7079245283019,98.73465034965035,532.7945283018868,0.22280244676431957
74,Industry B,Type B,164271.84,307131,6027,605,280634.44,44,0.01962354825790949,0.10038161606105857,463.8585785123967,27.255988053758088,271.52370247933885,1.7083539089840354
396,Industry A,Type A,66298.57,106201,10571,1761,300309.35,46,0.09953766913682545,0.16658783464194493,170.53341851220895,6.271740611105856,37.64825099375355,4.5296504886907805
90,Industry B,Type B,422629.67,445187,9204,911,1162047.14,84,0.02067445814904748,0.0989787049109083,1275.573150384193,45.91804324206866,463.91840834248075,2.7495635599838506
64,Industry B,Type A,3805.25,6725,558,58,31734.97,93,0.08297397769516729,0.1039426523297491,547.1546551724139,6.819444444444445,65.60775862068965,8.339785822219303
496,Industry A,Type B,27361.66,31530,1102,115,13256.49,101,0.03495084046939423,0.10435571687840291,115.27382608695652,24.829092558983668,237.92747826086958,0.48449143801947686
392,Industry A,Type A,30821.14,17166,869,227,17714.3,81,0.0506233251776768,0.2612197928653625,78.03656387665198,35.46736478711162,135.77594713656387,0.5747451262347856
364,Industry A,Type A,44484.71,43857,5849,1431,125118.85,88,0.1333652552614178,0.24465720636006155,87.43455625436758,7.605524021200205,31.0864500349406,2.8126259561993323
128,Industry A,Type B,78508.14,42356,738,202,33772.26,111,0.017423741618660876,0.27371273712737126,167.18940594059407,106.37959349593496,388.6541584158416,0.43017526590236377
224,Industry A,Type B,61967.41,66485,1591,311,47363.27,106,0.023930209821764307,0.19547454431175362,152.29347266881027,38.948717787555,199.2521221864952,0.7643254736643018
126,Industry A,Type A,14632.82,9012,48,8,1713.35,13,0.005326231691078562,0.16666666666666666,214.16875,304.85041666666666,1829.1025,0.11708952888096757
190,Industry A,Type A,43196.9,24776,2043,546,93081.79,36,0.082458831126897,0.26725403817914833,170.47946886446886,21.143857072931965,79.11520146520147,2.1548256935104138
493,Industry A,Type B,49004.77,29646,956,186,17952.4,32,0.032247183431154285,0.19456066945606695,96.51827956989248,51.26021966527196,263.46650537634406,0.36633984814131365
278,Industry A,Type A,15767.38,27663,2329,673,130018.38,77,0.08419188085167914,0.2889652211249463,193.19224368499258,6.77002146844139,23.428499257057947,8.246035803031322
455,Industry A,Type A,26344.55,24593,2548,573,50135.05,15,0.10360671735859797,0.2248822605965463,87.49572425828971,10.339305337519622,45.97652705061082,1.9030520544097358
492,Industry A,Type B,52192.14,79569,1948,335,29021.48,115,0.024481896215862962,0.17197125256673512,86.63128358208955,26.792679671457904,155.7974328358209,0.5560507769943903
450,Industry A,Type A,83927.32,47776,4416,575,98854.73,108,0.09243134628265237,0.13020833333333334,171.9212695652174,19.005280797101452,145.96055652173914,1.1778611541509962
320,Industry A,Type A,11036.82,17101,1662,374,49253.19,11,0.09718729898836326,0.2250300842358604,131.69302139037433,6.640685920577617,29.510213903743313,4.462625103970166
230,Industry A,Type A,41373.47,21171,2262,266,35771.02,87,0.10684426810259318,0.11759504862953139,134.47751879699246,18.290658709106985,155.53936090225565,0.8645883461068167
299,Industry A,Type A,17644.83,29375,2387,603,44705.68,90,0.0812595744680851,0.25261834939254296,74.1387728026534,7.392052785923754,29.261741293532342,2.533641865634296
186,Industry A,Type B,14867.88,9643,202,69,8939.97,8,0.020947837809810226,0.3415841584158416,129.56478260869565,73.60336633663366,215.47652173913042,0.6012941993075005
204,Industry A,Type B,47195.98,46472,1326,304,21468.51,108,0.028533310380444137,0.22926093514328807,70.62009868421052,35.59274509803922,155.24993421052633,0.4548800554623508
311,Industry A,Type B,32896.1,28798,935,253,29358.52,21,0.032467532467532464,0.27058823529411763,116.04158102766799,35.182994652406414,130.02411067193674,0.89246202437371
82,Industry B,Type B,201997.37,220610,4774,477,394870.25,116,0.021639998186845564,0.09991621281943863,827.8202306079664,42.31197528278173,423.474570230608,1.9548286693039618
113,Industry B,Type B,422519.63,406697,8245,818,359326.31,66,0.02027307799172357,0.0992116434202547,439.27421760391195,51.24555852031534,516.5276650366749,0.8504369607632194
271,Industry A,Type B,57652.03,38930,76,24,3075.32,115,0.0019522219368096584,0.3157894736842105,128.13833333333335,758.5793421052631,2402.1679166666668,0.05334278775612932
15,Industry B,Type A,389140.92,709616,71481,7144,8280792.5,89,0.1007319451647088,0.09994264210069809,1159.1254899216126,5.443977000881353,54.47101343784994,21.279675496475672
226,Industry A,Type B,24216.9,17216,247,17,2572.38,120,0.014347118959107806,0.06882591093117409,151.3164705882353,98.04412955465588,1424.5235294117647,0.10622251402945876
136,Industry A,Type B,17221.23,32351,908,89,14899.66,35,0.02806713857376897,0.09801762114537445,167.41191011235955,18.96611233480176,193.49696629213483,0.8651913945751842
40,Industry B,Type A,301932.96,466547,46930,4693,6607073.8,57,0.10059007988477045,0.1,1407.8571915619007,6.4336876198593655,64.33687619859366,21.882585458705798
10,Industry B,Type B,250498.18,458552,9587,953,188378.65,67,0.02090711631396221,0.09940544487326589,197.6690975865687,26.128943360801085,262.8522350472193,0.7520160425916068
213,Industry A,Type B,75366.38,118588,1891,494,64606.82,120,0.015945964178500353,0.2612374405076679,130.78303643724695,39.85530407191962,152.56352226720648,0.8572366086841373
476,Industry A,Type B,14784.98,18051,557,104,20402.58,24,0.03085701623178771,0.1867145421903052,196.17865384615385,26.543949730700177,142.16326923076923,1.379953168688764
202,Industry A,Type B,43033.99,55346,114,10,1380.85,114,0.0020597694503667837,0.08771929824561403,138.08499999999998,377.4911403508772,4303.398999999999,0.03208742670619201
197,Industry A,Type A,64036.17,79039,8601,2534,246303.03,71,0.10881969660547325,0.2946169050110452,97.19930149960537,7.445200558074642,25.270785319652724,3.846311077005386
175,Industry A,Type A,38511.71,49448,4879,850,165112.01,66,0.09866930917327293,0.17421602787456447,194.24942352941179,7.893361344537815,45.30789411764706,4.287319623044524
206,Industry A,Type A,6028.63,6639,682,139,16947.35,54,0.10272631420394637,0.20381231671554254,121.92338129496402,8.839633431085044,43.37143884892087,2.811144488880558
240,Industry A,Type A,77383.58,120939,11405,1401,142521.46,42,0.09430373990193404,0.12284085927224901,101.72837972876516,6.785057430951337,55.234532476802286,1.8417532504957768
333,Industry A,Type B,1125.64,958,26,5,6.0,117,0.027139874739039668,0.19230769230769232,1.2,43.29384615384616,225.12800000000001,0.005330300984328915
465,Industry A,Type B,80717.37,101549,1865,333,26426.44,38,0.018365518124255284,0.17855227882037533,79.35867867867867,43.28009115281501,242.39450450450448,0.3273947107047715
141,Industry A,Type B,6543.15,12940,0,0,0.0,69,0.0,,,,,0.0
356,Industry A,Type B,88735.46,65321,1364,298,53913.5,36,0.02088149293489077,0.218475073313783,180.91778523489933,65.05532258064517,297.77000000000004,0.6075755960469467
375,Industry A,Type B,81444.44,73948,1844,470,88310.25,47,0.024936441823984423,0.25488069414316705,187.8941489361702,44.16726681127983,173.2860425531915,1.0843005366603293
309,Industry A,Type B,32541.59,43324,793,144,13939.57,90,0.018303942387591175,0.18158890290037832,96.80256944444444,41.03605296343001,225.9832638888889,0.42836167501342126
369,Industry A,Type B,10750.73,11208,53,0,0.0,83,0.00472876516773733,0.0,,202.84396226415095,,0.0
288,Industry A,Type A,35278.13,45064,4433,784,142545.52,57,0.09837120539676904,0.1768554026618543,181.81826530612244,7.958071283555154,44.997614795918366,4.040620066879963
45,Industry B,Type A,140373.16,132881,12334,1227,333404.02,43,0.09281989148185218,0.09948110912923626,271.7229176854116,11.380992378790335,114.40355338223308,2.375126555532411
437,Industry A,Type B,80454.38,120395,2273,483,61605.65,58,0.01887952157481623,0.21249450065992082,127.54792960662526,35.39567971843379,166.57221532091097,0.765721518206964
425,Industry A,Type B,5963.49,10413,45,13,2839.75,111,0.00432152117545376,0.28888888888888886,218.44230769230768,132.522,458.72999999999996,0.4761892784258882
463,Industry A,Type A,53227.12,78168,8191,1283,206288.45,15,0.10478712516630846,0.15663533146136002,160.78600935307873,6.498244414601392,41.48645362431801,3.8756267481689783
258,Industry A,Type B,32978.0,31007,344,31,4870.46,110,0.011094269036024123,0.09011627906976744,157.11161290322582,95.86627906976744,1063.8064516129032,0.14768815574019042
191,Industry A,Type A,58817.96,85351,10133,2672,147608.3,45,0.11872151468641258,0.26369288463436297,55.24262724550898,5.804594887989737,22.012709580838322,2.50957870691197
329,Industry A,Type A,51201.92,68681,7209,1387,151191.15,83,0.10496352703076542,0.19239839090026356,109.00587599134823,7.102499653211264,36.915587599134824,2.952841416884367
201,Industry A,Type A,60185.77,119902,12240,1290,126270.86,46,0.10208336808393521,0.1053921568627451,97.88438759689923,4.917138071895424,46.655635658914726,2.098018518330828
91,Industry B,Type A,625.16,1162,537,52,3939.59,114,0.4621342512908778,0.09683426443202979,75.76134615384616,1.1641713221601488,12.022307692307692,6.3017307569262275
169,Industry A,Type A,13974.93,20592,2224,525,51786.52,75,0.108003108003108,0.2360611510791367,98.64099047619047,6.28369154676259,26.618914285714286,3.7056729443367513
232,Industry A,Type B,69842.97,44413,1248,151,9861.94,108,0.02809988066557089,0.12099358974358974,65.31086092715232,55.96391826923077,462.53622516556294,0.14120161270346895
151,Industry A,Type A,65174.42,83635,8123,1852,341983.03,17,0.09712440963711365,0.22799458328203864,184.6560637149028,8.023442078049982,35.19137149028078,5.24719713654529
269,Industry A,Type A,22605.95,41369,3979,1099,145190.07,48,0.0961831322971307,0.2762000502638854,132.1110737033667,5.681314400603167,20.56956323930846,6.422648462019955
256,Industry A,Type A,15834.3,8185,1067,206,13819.08,67,0.13036041539401344,0.19306466729147143,67.08291262135923,14.840018744142455,76.86553398058253,0.8727307174930373
234,Industry A,Type A,66607.82,130671,12834,3746,562486.3,15,0.09821613058750603,0.2918809412498052,150.15651361452217,5.189950132460652,17.78105178857448,8.444748679659535
460,Industry A,Type A,16879.07,23939,2327,567,93790.16,63,0.09720539705083754,0.2436613665663945,165.4147442680776,7.253575418994413,29.769082892416225,5.556595238955701
105,Industry B,Type A,45154.79,47532,4835,483,337315.03,115,0.10172094588908524,0.0998965873836608,698.3748033126294,9.339149948293691,93.48817805383023,7.470193749101702
414,Industry A,Type B,4952.15,7928,0,0,0.0,21,0.0,,,,,0.0
123,Industry A,Type B,23232.26,34019,488,154,29944.1,60,0.014344924894911668,0.3155737704918033,194.4422077922078,47.60709016393442,150.85883116883116,1.2889017254455657
203,Industry A,Type A,68464.43,38306,3576,878,90928.83,43,0.0933535216415183,0.24552572706935122,103.56358769931663,19.145534116331095,77.97771070615033,1.3281178270234633
307,Industry A,Type B,46437.67,59832,709,138,27114.93,116,0.011849846236127825,0.19464033850493653,196.485,65.49741889985896,336.5048550724638,0.5838994505968969
431,Industry A,Type A,45136.38,62586,6152,1408,208623.14,96,0.09829674368069537,0.22886866059817945,148.16984375,7.336862808842652,32.05708806818182,4.62206184900074
118,Industry A,Type A,12847.51,11245,1421,241,27025.43,7,0.12636727434415296,0.16959887403237156,112.13871369294606,9.041175228712175,53.30917012448133,2.1035539182300695
34,Industry B,Type B,233766.45,390745,7448,745,503408.0,72,0.01906102445328795,0.10002685284640171,675.7154362416107,31.386472878625135,313.78046979865775,2.153465563599909
67,Industry B,Type B,120028.11,216932,3882,385,119595.7,85,0.01789500857411539,0.09917568263781557,310.6381818181818,30.91914219474498,311.76132467532466,0.9963974272360032
312,Industry A,Type A,29313.5,51463,5089,890,155057.28,62,0.09888657870703224,0.1748870112006288,174.22166292134833,5.760168991943408,32.93651685393258,5.289620140890716
323,Industry A,Type B,17356.01,26218,766,165,7645.81,21,0.02921656876954764,0.2154046997389034,46.338242424242424,22.65797650130548,105.18793939393939,0.44052809372661117
120,Industry A,Type A,71215.17,82033,7801,835,117782.25,88,0.09509587604988236,0.10703755928727086,141.0565868263473,9.128979617997693,85.28762874251497,1.6538927029170891
199,Industry A,Type A,637.32,997,437,63,10887.95,79,0.4383149448345035,0.14416475972540047,172.8246031746032,1.4583981693363846,10.116190476190477,17.08396096152639
315,Industry A,Type A,10564.61,15816,2332,405,63316.46,107,0.14744562468386443,0.17367066895368782,156.33693827160494,4.530278730703259,26.08545679012346,5.993260517898909
163,Industry A,Type B,5540.45,8790,139,31,1520.73,64,0.015813424345847555,0.22302158273381295,49.0558064516129,39.85935251798561,178.7241935483871,0.2744777048795676
335,Industry A,Type B,48514.97,89280,1909,421,69425.47,27,0.021382168458781364,0.22053431115767416,164.90610451306412,25.413813514929284,115.23745843230404,1.4310112940397572
349,Industry A,Type B,49121.11,26192,574,78,5870.3,84,0.021915088576664632,0.13588850174216027,75.26025641025642,85.57684668989548,629.7578205128206,0.11950666424272578
133,Industry A,Type B,81597.88,104898,1531,182,35465.29,35,0.01459513050773132,0.11887655127367734,194.86423076923077,53.2971129980405,448.34000000000003,0.43463494394707314
210,Industry A,Type A,30277.7,53939,5130,813,56457.41,107,0.09510743617790467,0.1584795321637427,69.44330873308733,5.902085769980507,37.24194341943419,1.864653193604534
327,Industry A,Type A,70955.13,140258,14001,2995,361988.64,76,0.09982318299134452,0.21391329190772088,120.86432053422371,5.06786158131562,23.691195325542573,5.101655651959203
161,Industry A,Type B,5602.1,5267,0,0,0.0,105,0.0,,,,,0.0
134,Industry A,Type A,58827.94,93963,9395,1484,151690.97,50,0.09998616476698274,0.1579563597658329,102.21763477088949,6.26162213943587,39.641469002695416,2.5785531500848067
162,Industry A,Type B,68987.42,108954,1915,457,31996.57,26,0.017576224828826845,0.23864229765013054,70.01437636761487,36.02476240208877,150.95715536105033,0.4638029658160865
150,Industry A,Type A,19672.59,10258,809,176,35242.74,71,0.07886527588223825,0.21755253399258342,200.2428409090909,24.31716934487021,111.77607954545455,1.7914641640983724
170,Industry A,Type A,61192.88,72930,7282,1366,164229.7,33,0.09984917043740574,0.18758582806921176,120.22672035139094,8.40330678385059,44.79713030746706,2.683804063479281
112,Industry B,Type A,49773.36,68131,6926,695,289737.68,101,0.101657101759845,0.10034652035807104,416.88874820143883,7.186451053999423,71.616345323741,5.8211396618592754
107,Industry B,Type A,128300.39,145247,14037,1402,1143577.68,56,0.09664227144106247,0.09987889150103299,815.6759486447932,9.140157441048657,91.51240370898716,8.913282960402537
263,Industry A,Type B,10546.54,18023,763,112,20410.72,114,0.04233479442934029,0.14678899082568808,182.23857142857145,13.82246395806029,94.16553571428572,1.9353001079026866
28,Industry B,Type B,121984.07,241738,4735,479,419799.52,44,0.0195873218112171,0.10116156282998943,876.4081837160752,25.762211193241818,254.66402922755742,3.4414290324958006
485,Industry A,Type B,50192.5,96143,2307,261,49373.37,78,0.023995506693154988,0.11313394018205461,189.17000000000002,21.75661031642826,192.30842911877394,0.9836802311102257
131,Industry A,Type B,59591.48,104171,2677,617,60003.3,37,0.02569813095775216,0.23048188270452,97.25008103727716,22.260545386626823,96.58262560777959,1.0069107194518412
355,Industry A,Type A,73169.44,65959,6509,1028,72823.4,117,0.09868251489561697,0.15793516669227223,70.83988326848248,11.241272084805654,71.1764980544747,0.9952707031788134
62,Industry B,Type B,407259.06,353721,7495,747,253361.86,113,0.021189016202034935,0.09966644429619746,339.1725033467202,54.337432955303534,545.1928514056225,0.6221147296268866
374,Industry A,Type A,33509.41,33023,2562,508,70101.33,74,0.07758229113042425,0.19828259172521467,137.9947440944882,13.079395003903201,65.96340551181103,2.091989384474391
61,Industry B,Type B,109590.11,93763,2591,256,341165.03,117,0.027633501487793692,0.09880355075260518,1332.6758984375,42.29645310690853,428.0863671875,3.1131005343456635
247,Industry A,Type A,9376.57,17150,843,207,42685.25,115,0.04915451895043732,0.24555160142348753,206.20893719806764,11.122858837485172,45.29743961352657,4.552330969640284
326,Industry A,Type B,7264.3,7114,168,17,2610.43,44,0.023615406241214505,0.10119047619047619,153.55470588235292,43.23988095238095,427.31176470588235,0.35935052241785165
114,Industry B,Type B,417422.84,742699,14513,1444,842586.77,120,0.01954089072423687,0.09949700268724591,583.5088434903047,28.761995452353066,289.0739889196676,2.018544960309311
237,Industry A,Type A,9148.1,5492,0,0,0.0,96,0.0,,,,,0.0
209,Industry A,Type B,66767.48,54438,1429,168,22447.62,50,0.026250045923803225,0.11756473058082575,133.6167857142857,46.72321903428971,397.42547619047616,0.33620588945396773
85,Industry B,Type B,291618.35,254636,4537,451,561190.68,79,0.017817590599915174,0.09940489310116818,1244.3252328159647,64.27558959664977,646.6038802660753,1.9244011222201898
398,Industry A,Type A,21975.12,36412,3576,695,123045.81,107,0.09820938152257498,0.19435123042505592,177.0443309352518,6.145167785234899,31.618877697841725,5.599323689699988
412,Industry A,Type B,40837.22,53083,670,111,7650.63,58,0.012621743307650283,0.16567164179104477,68.9245945945946,60.951074626865676,367.9028828828829,0.18734453520587346
498,Industry A,Type B,34893.4,45349,684,101,7700.4,81,0.015083022778892589,0.1476608187134503,76.24158415841583,51.01374269005848,345.4792079207921,0.22068356766609157
395,Industry A,Type B,23659.13,18359,0,0,0.0,101,0.0,,,,,0.0
200,Industry A,Type B,41248.57,55297,442,72,10763.87,103,0.00799320035444961,0.16289592760180996,149.49819444444447,93.32255656108597,572.8968055555556,0.260951349343747
445,Industry A,Type B,59789.05,77586,1674,281,23177.51,25,0.02157605753615343,0.16786140979689368,82.48224199288255,35.716278375149344,212.77241992882563,0.3876547628704587
95,Industry B,Type A,400258.98,751921,75276,7527,10961910.75,120,0.10011158087086276,0.09999202933205803,1456.3452570745317,5.317219033955046,53.17642885611797,27.38704513262888
216,Industry A,Type A,44299.14,44929,4139,556,103977.1,86,0.09212312760132654,0.13433196424257066,187.0091726618705,10.702860594346461,79.67471223021583,2.3471584324210357
259,Industry A,Type A,38624.04,46619,4235,1132,208101.05,78,0.09084278942062249,0.26729634002361274,183.83484982332155,9.120198347107438,34.12017667844523,5.387863361781936
419,Industry A,Type B,65866.37,95821,2034,527,38291.63,29,0.021227079658947413,0.2590953785644051,72.6596394686907,32.382679449360865,124.98362428842503,0.5813532763381374
236,Industry A,Type A,25672.83,22742,2601,771,127715.66,18,0.11436988831237359,0.2964244521337947,165.649364461738,9.870369088811996,33.29809338521401,4.974740221471493
477,Industry A,Type A,60316.58,47454,3809,908,84782.88,76,0.080267206136469,0.2383827776319244,93.37321585903084,15.83527960094513,66.42795154185022,1.4056314200838311
73,Industry B,Type A,456035.2,420942,42156,4218,2698017.2,42,0.1001468135752669,0.10005693139766582,639.6437174016122,10.817800550336845,108.11645329540066,5.916247693160528
466,Industry A,Type A,15427.11,11704,1411,349,45503.39,50,0.12055707450444293,0.24734231041814317,130.38220630372493,10.933458540042523,44.20375358166189,2.9495731864231214
399,Industry A,Type A,38100.29,45979,5197,1266,134513.15,74,0.11302986145849192,0.24360207812199347,106.25051342812006,7.331208389455456,30.09501579778831,3.5305019988036834
60,Industry B,Type A,121635.17,173491,18232,1822,806421.82,95,0.10508902479091134,0.09993418165862221,442.6025356750823,6.671520952172005,66.75914928649836,6.629840859350137
301,Industry A,Type A,50851.37,77430,7718,1135,204126.42,76,0.0996771277282707,0.14705882352941177,179.84706607929516,6.588671935734647,44.802969162995595,4.014177395810575
140,Industry A,Type A,68442.72,70036,7061,832,59884.48,68,0.10081957850248444,0.117830335646509,71.97653846153847,9.69306330548081,82.26288461538462,0.8749576288025959
168,Industry A,Type B,40087.45,65371,2286,477,93448.86,64,0.03496963485337535,0.20866141732283464,195.90955974842768,17.536067366579175,84.04077568134171,2.3311250777986627
99,Industry B,Type B,97098.55,85823,2406,239,56279.81,77,0.02803444298148515,0.09933499584372402,235.48037656903765,40.356837073981715,406.27008368200836,0.5796153495598029
83,Industry B,Type B,25070.51,35977,367,33,8196.1,18,0.010200961725546877,0.08991825613079019,248.36666666666667,68.31201634877384,759.7124242424242,0.3269219493340981
486,Industry A,Type B,6916.99,7827,624,121,4211.31,60,0.07972403219624377,0.19391025641025642,34.80421487603306,11.084919871794872,57.16520661157025,0.6088356351534411
1,Industry B,Type A,441907.14,546494,54518,5450,2294655.63,44,0.09975955820191987,0.09996698338163543,421.03773027522936,8.105710774423127,81.08387889908258,5.192619494674831
223,Industry A,Type B,7034.6,6642,101,28,3583.46,107,0.01520626317374285,0.27722772277227725,127.98071428571428,69.64950495049506,251.2357142857143,0.5094049412901942
500,Industry A,Type A,40463.13,20421,1796,429,65076.26,18,0.08794868028010382,0.2388641425389755,151.69291375291377,22.52958240534521,94.31965034965035,1.6082853699157729
160,Industry A,Type B,31585.45,60513,604,62,6229.11,41,0.009981326326574455,0.10264900662251655,100.46951612903226,52.29379139072848,509.44274193548387,0.19721454023925572
227,Industry A,Type B,65190.14,57019,1209,339,27530.09,24,0.02120345849629071,0.2803970223325062,81.20970501474926,53.92071133167907,192.30129793510324,0.4223045080130216
52,Industry B,Type A,356431.58,372520,36307,3636,1874796.95,120,0.09746322345108988,0.10014597735973779,515.6207233223322,9.817158674635746,98.02848734873488,5.259906964472676
321,Industry A,Type B,70054.34,80426,1677,392,31993.36,70,0.020851465943849005,0.23375074537865237,81.61571428571429,41.7736076326774,178.71005102040814,0.45669347537925564
426,Industry A,Type A,68204.22,109037,11026,2372,299621.78,115,0.1011216376092519,0.21512787955740975,126.31609612141654,6.1857627426083805,28.753887015177067,4.393009406162845
389,Industry A,Type A,10819.62,19421,1762,303,21496.42,113,0.09072653313423613,0.17196367763904655,70.9452805280528,6.140533484676505,35.70831683168317,1.986799906096517
231,Industry A,Type B,71232.01,102971,1454,150,27111.96,29,0.014120480523642578,0.1031636863823934,180.7464,48.990378266850065,474.8800666666666,0.38061483875016305
289,Industry A,Type B,59294.34,111803,1696,349,55414.31,66,0.015169539278910226,0.20577830188679244,158.78025787965615,34.961285377358486,169.8978223495702,0.934563231498993
238,Industry A,Type B,57112.65,83776,510,126,16794.82,120,0.006087662337662338,0.24705882352941178,133.29222222222222,111.98558823529412,453.27500000000003,0.2940648000049026
177,Industry A,Type B,42476.51,71536,1880,394,48831.26,67,0.026280474166853054,0.20957446808510638,123.93720812182741,22.59388829787234,107.80840101522843,1.1496062176482955
464,Industry A,Type B,59588.03,113561,2326,679,80689.22,51,0.020482383917013763,0.29191745485812554,118.83537555228277,25.618241616509028,87.75851251840942,1.3541179327458888
174,Industry A,Type B,40569.16,66503,1088,210,39734.17,65,0.016360164203118657,0.19301470588235295,189.21033333333332,37.28783088235294,193.1864761904762,0.979418109716839
